Workbook

Sheet Livros na Estante
A1: Nome | B1: Autor | C1: Editora | D1: ISBN | E1: Ano-Compra | F1: Lido
A2: 1984 | B2: George Orwell | C2: Clube de Literatura Clássica | E2: 2023 | F2: Sim
A3: Coração das Trevas | B3: Joseph Conrad | C3: Clube de Literatura Clássica | E3: 2023 | F3: Abandonado
A4: Contos do Grotesco e do Arabesco | B4: Edgar Allan Poe | C4: Clube de Literatura Clássica | E4: 2023 | F4: Abandonado
A5: Don Juan | B5: Lord Byron | C5: Clube de Literatura Clássica | D5: 978-658-7036-75-5 | E5: 2023 | F5: Não
A6: O Finado Mattia Pascal | B6: Luigi Pirandello | C6: Clube de Literatura Clássica | D6: 978-65-87036-76-2 | E6: 2023 | F6: Não
A7: A Conciência de Zeno | B7: Italo Svevo | C7: Clube de Literatura Clássica | E7: 2023 | F7: Não
A8: Fábulas de Esopo | B8: Esopo | C8: Clube de Literatura Clássica | D8: 978-65-87036-88-5 | E8: 2023 | F8: Não
A9: Ilusões Perdidas | B9: Honoré de Balzac | C9: Clube de Literatura Clássica | D9: 978-65-87036-74-8 | E9: 2023 | F9: Não
A10: Jerusalem Libertada | B10: Torquato Tasso | C10: Clube de Literatura Clássica | D10: 978-65-87036-33-5 | E10: 2023 | F10: Não
A11: Saga de Njall | B11: Anônimo | C11: Clube de Literatura Clássica | E11: 2023 | F11: Não
A12: Um Diário do Ano da Peste | B12: Daniel Defoe | C12: Clube de Literatura Clássica | E12: 2023 | F12: Não
A13: Madame Bovary | B13: Gustave Flaubert | C13: Clube de Literatura Clássica | D13: 978-65-87036-71-7 | E13: 2023 | F13: Não
A14: Os Trabalhadores do Mar | B14: Victor Hugo | C14: Clube de Literatura Clássica | D14: 978-65-87036-38-0 | E14: 2023 | F14: Não
A15: Crime e Castigo | B15: Fiódor Dostoiévski | C15: Clube de Literatura Clássica | D15: 978-65-87036-14-4 | E15: 2023 | F15: Não
A16: Irmãos Karamazov | B16: Fiódor Dostoiévski | C16: Clube de Literatura Clássica | E16: 2023 | F16: Não
A17: Pais e Filhos | B17: Ivan Turguêniev | C17: Clube de Literatura Clássica | D17: 978-65-87036-82-3 | E17: 2023 | F17: Não
A18: Memorias Póstumas de Brás Cubas | B18: Machado de Assis | C18: Clube de Literatura Clássica | D18: 978-65-87036-64-9 | E18: 2023 | F18: Não
A19: Dom Casmurro | B19: Machado de Assis | C19: Clube de Literatura Clássica | D19: 978-65-87036-03-8 | E19: 2023 | F19: Sim
A20: Caetés | B20: Graciliano Ramos | C20: Clube de Literatura Clássica | E20: 2023 | F20: Não
A21: São Bernardo | B21: Graciliano Ramos | C21: Clube de Literatura Clássica | E21: 2023 | F21: Não
A22: Angústia* | B22: Graciliano Ramos | C22: Clube de Literatura Clássica | E22: 2023 | F22: Não
A23: Vidas Secas | B23: Graciliano Ramos | C23: Clube de Literatura Clássica | E23: 2023 | F23: Sim
A24: Viagem ao Redor do meu Quarto | B24: Xavier de Maistre | C24: Clube de Literatura Clássica | E24: 2023 | F24: Não
A25: Contos do Casmurro | B25: Machado de Assis | C25: Clube de Literatura Clássica | E25: 2023 | F25: Não
A26: Saga de Gunnlaugr Lingua-de-Serpente | B26: Anônimo | C26: Clube de Literatura Clássica | E26: 2023 | F26: Não
A27: Vida de Esopo | B27: Anônimo | C27: Clube de Literatura Clássica | E27: 2023 | F27: Não
A28: A Conciência de Svevo | B28: Italo Svevo | C28: Clube de Literatura Clássica | E28: 2023 | F28: Não
A29: Diário de um Homem Superfluo | B29: Ivan Turguêniev | C29: Clube de Literatura Clássica | E29: 2023 | F29: Não
A30: A fazenda dos Animais | B30: George Orwell | C30: Clube de Literatura Clássica | E30: 2023 | F30: Sim
A31: Torquato Tasso | B31: Johann Wolfgang von Goethe | C31: Clube de Literatura Clássica | D31: 978-65-87036-34-2 | E31: 2023 | F31: Não
A32: Três contos | B32: Gustave Flaubert | C32: Clube de Literatura Clássica | D32: 978-65-87036-72-4 | E32: 2023 | F32: Não
A33: Eureka | B33: Edgar Allan Poe | C33: Clube de Literatura Clássica | E33: 2023 | F33: Não
A34: O Último Dia de um Condenado | B34: Victor Hugo | C34: Clube de Literatura Clássica | E34: 2023 | F34: Não
A35: A Peste Escarlate | B35: Jack London | C35: Clube de Literatura Clássica | D35: 978-65-87036-26-7 | E35: 2023 | F35: Não
A36: Seis Personagens em Busca de um Autor | B36: Luigi Pirandello | C36: Clube de Literatura Clássica | E36: 2023 | F36: Não
A37: Cadernos do Subterraneo | B37: Fiódor Dostoiévski | C37: Clube de Literatura Clássica | E37: 2023 | F37: Não
A38: Juventude | B38: Joseph Conrad | C38: Clube de Literatura Clássica | E38: 2023 | F38: Não
A39: Auto da Barca do Inferno | B39: Gil Vicente | C39: L&PM | F39: Sim
A40: O Caçador de Pipas | B40: Khaled Hosseini | C40: Nova Fronteira | F40: Não
A41: O Livro dos Cinco Aneis | B41: Miyamoto Musashi | C41: Pé da Letra | F41: Não
A42: A Biblioteca da Meia Noite | B42: Matt Haig | C42: Bertrand Brasil | F42: Sim
A43: Os três Maridos de Evelyn Hugo | B43: Taylor Jenkins Reid | C43: Paralela | F43: Não
A44: Dasy Jones and The Six | B44: Taylor Jenkins Reid | C44: Paralela | F44: Não
A45: O Deus e o Imperador | B45: Sam Meekings | C45: Argumento | F45: Sim
A46: Verity | B46: Colleen Hoover | C46: Galera Record | F46: Não
A47: Os Dois Morrem no Final | B47: Adam Silvera | C47: Intrinseca | F47: Não
A48: Marley e Eu | B48: John Grogan | C48: Pockt Ouro | F48: Sim
A49: Grande Sertão: Veredas | B49: João Guimarães Rosa | C49: Companhia das Letras | F49: Não
A50: Os Sertões | B50: Euclides da Cunha | C50: Principis | F50: Não
... A58: Batalhas de Um Pracinha | B58: Antonio Walter Santim | C58: Edição do Autor | F58: Não
A59: Projeto Nacional: O Dever da Esperança | B59: Ciro Gomes | C59: Leya | E59: 2020 | F59: Não
A60: Livro do Desassossego | B60: Fernando Pessoa | C60: Principis | F60: Não
A61: O Alienista | B61: Machado de Assis | C61: Principis | F61: Não
A62: Memorias de uma costureira | B62: Teresinha de Jesus Almeida | C62: Edição do Autor | D62: sem registro | F62: Sim
A63: Trilogia dos Espinhos - Prince of Thorns** | B63: Mark Lawrence | C63: Darkside | F63: Sim
A64: Trilogia dos Espinhos - King of Thorns | B64: Mark Lawrence | C64: Darkside | F64: Não
A65: Trilogia dos Espinhos - Emperor of Thorns | B65: Mark Lawrence | C65: Darkside | F65: Não
A66: O Médico e o Monstro e Outros Experimentos* | B66: Robert Louis Stevenson | C66: Darkside | F66: Não
A67: Frankenstein | B67: Mary Shelley | C67: Darkside | F67: Sim
A68: Morro dos Ventos Uivantes | B68: Emily Brontë | C68: Darkside | F68: Sim
A69: Drácula | B69: Bram Stoker | C69: Darkside | F69: Sim
A70: Carmilla | B70: J. Sheridan Le Fanu | C70: Pandorga | F70: Não
A71: Nobreza de Sangue | B71: Michael Sanches | C71: Pandorga | F71: Não
A72: O Labirinto do Fauno | B72: Guillermo del Toro e Cornelia Funke | C72: Intrinseca | F72: Sim
A73: O Casal que Mora ao Lado | B73: Shari Lapena | C73: Record | F73: Não
A74: A Paciente Silenciosa | B74: Alex Michaelides | C74: Record | F74: Não
... A80: Vampiratas - Capitão de Sangue | B80: Justin Somper | C80: Galera | F80: Não
A81: Vampiratas - Demonios del Oceano | B81: Justin Somper | C81: Montena | E81: 2015 | F81: Sim
A82: Vampiratas - Una Ola de Terror | B82: Justin Somper | C82: Montena | E82: 2015 | F82: Não
A83: O Médico e o Monstro ** * | B83: Robert Louis Stevenson | C83: Principis | F83: Sim
A84: Lendas Japonesas | B84: Yei Theodora Ozaki | C84: Darkside | F84: Sim
A85: Jane Eyre | B85: Charlotte Brontë | C85: Zahar | E85: 2019 | F85: Sim
A86: Moby Dick | B86: Herman Melville | C86: Zahar | E86: 2026 | F86: Não
A87: Persuasão | B87: Jane Austen | C87: Zahar | F87: Não
A88: O Corcunda de Notre Dame | B88: Victor Hugo | C88: Zahar | F88: Não
A89: Shirley | B89: Charlotte Brontë | C89: Martin Claret | E89: 2026 | F89: Não
A90: Emma | B90: Jane Austen | C90: Martin Claret | E90: 2026 | F90: Não
A91: Os Miseráveis | B91: Victor Hugo | C91: Martin Claret | E91: 2026 | F91: Não
A92: O Conde de Monte Cristo | B92: Alexandre Dumas | C92: Martin Claret | E92: 2026 | F92: Não
A93: Hamlet | B93: William Shakespeare | C93: Martin Claret | E93: 2026 | F93: Sim
A94: A letra Escarlate | B94: Nathaniel Hawthorne | C94: Martin Claret | E94: 2026 | F94: Não
A95: O Homem que Calculava | B95: Malba Tahan | C95: Record | E95: 2026 | F95: Não
A96: Os sofrimentos do Jovem Werther | B96: Johann Wolfgang von Goethe | C96: Penguin e Companhia | E96: 2025 | F96: Não
A97: A mulher de trinta anos | B97: Honoré de Balzac | C97: Penguin e Companhia | E97: 2025 | F97: Sim
A98: Dom Quixote - Tomo 1 | B98: Miguel de Cervantes | C98: Penguin e Companhia | E98: 2026 | F98: Não
A99: Dom Quixote - Tomo 2 | B99: Miguel de Cervantes | C99: Penguin e Companhia | E99: 2026 | F99: Não
A100: Macbeth | B100: William Shakespeare | C100: Pé da Letra | F100: Não
A101: Caninos Brancos | B101: Jack London | C101: Pé da Letra | F101: Sim
A102: A Metamorfose | B102: Franz Kafka | C102: Principis | E102: 2023 | F102: Não
A103: O Processo | B103: Franz Kafka | C103: Principis | E103: 2023 | F103: Não
A104: O Castelo | B104: Franz Kafka | C104: Principis | E104: 2023 | F104: Não
A105: Assim Falou Zaratrusta | B105: Friedrich Nietzsche | C105: Companhia das Letras | F105: Não
A106: Senhor das Moscas | B106: William Golding | C106: Alfaguara | F106: Não
A107: O Velho e o Mar | B107: Ernest Hemingway | C107: Bertrand Brasil | E107: 2025 | F107: Sim
A108: O Sol é para Todos | B108: Harper Lee | C108: José Olympio | F108: Sim
A109: Mrs Dalloway | B109: Virginia Woolf | C109: Lafonte | E109: 2023 | F109: Não
A110: O menino do Pijama Lsitrado | B110: John Boyne | C110: Seguinte | F110: Não
A111: Percy Jackson e os Olimpianos - O Ladrão de Raios** | B111: Rick Riordan | C111: Intrinseca | E111: 2018 | F111: Sim
A112: Percy Jackson e os Olimpianos - Mar de Monstros** | B112: Rick Riordan | C112: Intrinseca | E112: 2018 | F112: Sim
...

Sheet Lidos
A1: Nome | B1: Autor | C1: Data de Leitura | D1: Status na Estante | E1: Coluna1
A2: Merlin, o Mágico | B2: Anônimo | C2: 35796 | D2: Sumiu
A3: Patolino | C3: 35796 | D3: Sumiu
A4: A Princesa e a Ervilha | B4: Sérgio Luiz de Oliveira Silva | C4: 36161 | D4: Sumiu
A5: Mini Livro Jó | C5: 36161 | D5: Sumiu
A6: Mini Livro Pastor | C6: 36161 | D6: Sumiu
A7: Bisa Bia, Bisa Bel | B7: Ana Maria Machado | C7: 37257 | D7: Sumiu
A8: Contos de Fadas Capa vermelha | C8: 37257 | D8: Sumiu
A9: Carta errante, avó atrapalhada, menina aniversariante | B9: Mirna Pinsky | C9: 37347 | D9: Estante
A10: Harry Potter e a Pedra Filosofal | B10: J. K. Rowling | C10: 37987 | D10: Emprestado | E10: Plínio
A11: Harry Potter e a Câmara Secreta | B11: J. K. Rowling | C11: 37987 | D11: Emprestado | E11: Plínio
A12: Um rio que vem da Grécia | B12: Cláudio Moreno | C12: 38353 | D12: Doado
A13: Harry Potter e o Prisioneiro de Azkaban | B13: J. K. Rowling | C13: 38353 | D13: Emprestado | E13: Plínio
A14: Brida | B14: Paulo Coelho | C14: 38353 | D14: Emprestado | E14: Larissa
A15: Ciclo de Avalon - As Brumas de Avalon - A Senhora da Magia | B15: Marion Zimmer Bradley | C15: 38718 | D15: Emprestado | E15: Larissa
A16: Ciclo de Avalon - As Brumas de Avalon - A Grande Rainha | B16: Marion Zimmer Bradley | C16: 38718 | D16: Emprestado | E16: Larissa
A17: Harry Potter e o Cálice de Fogo | B17: J. K. Rowling | C17: 39083 | D17: Emprestado | E17: Plínio
A18: Harry Potter e a Ordem da Fênix | B18: J. K. Rowling | C18: 39083 | D18: Emprestado | E18: Plínio
A19: Harry Potter e o Enigma do Príncipe | B19: J. K. Rowling | C19: 39083 | D19: Emprestado | E19: Plínio
A20: Ciclo de Avalon - As Brumas de Avalon - O Prisioneiro da Árvore | B20: Marion Zimmer Bradley | C20: 39083 | D20: Emprestado | E20: Larissa
A21: Ciclo de Avalon - As Brumas de Avalon - O Gamo-Rei | B21: Marion Zimmer Bradley | C21: 39083 | D21: Emprestado | E21: Larissa
A22: Harry Potter e as Relíquias da Morte | B22: J. K. Rowling | C22: 39448 | D22: Emprestado | E22: Plínio
A23: As Primaveras (1867) | B23: Casimiro Jose Marques de Abreu | C23: 39448 | D23: Doado
A24: Ramsés: O filho da luz | B24: Christian Jacq | C24: 39448 | D24: Emprestado | E24: Plínio
A25: Ramsés: O Templo de Milhões de Anos | B25: Christian Jacq | C25: 39448 | D25: Emprestado | E25: Plínio
A26: Mulheres que mudaram o mundo | B26: Gabriel Chalita | C26: 39448 | D26: Doado
A27: Sutras Sagradas | B27: Masaharu Taniguchi | C27: 39448 | D27: Estante
A28: "Shinsokan" e outras orações | B28: Masaharu Taniguchi | C28: 39448 | D28: Estante
A29: O Menino do Dedo Verde | B29: Maurice Druon | C29: 39448 | D29: Estante
A30: Pela porta do coração | B30: Regina Coeli Rennó | C30: 39448 | D30: Estante
A31: Só é gordo quem quer | B31: Uchôa Junior | C31: 39448 | D31: A venda
A32: Pelas Portas Do Coração | B32: Zíbia Gasparetto | C32: 39448 | D32: Estante
A33: Laços Eternos | B33: Zíbia Gasparetto | C33: 39448 | D33: Biblioteca | E33: Irradiação
A34: O Amor Venceu | B34: Zíbia Gasparetto | C34: 39448 | D34: Biblioteca | E34: Irradiação
A35: Entre o Amor e a Guerra | B35: Zíbia Gasparetto | C35: 39448 | D35: Biblioteca | E35: Irradiação
A36: A Casa | B36: André Vianco | C36: 39814 | D36: Emprestado | E36: Plínio
A37: O Alquimista | B37: Paulo Coelho | C37: 39814 | D37: Estante
A38: A Cabana | B38: William P. Young | C38: 39814 | D38: Emprestado | E38: Plínio
A39: Ciclo de Avalon - A Sacerdotisa de Avalon | B39: Marion Zimmer Bradley | C39: 40179 | D39: Biblioteca | E39: IFG
A40: O Livro dos Jovens | B40: Masaharu Taniguchi | C40: 40179 | D40: Doado
A41: Educaçao Fisica Cuida Do Corpo...E "Mente " | B41: João Paulo S. Medina | C41: 40179 | D41: Doado
A42: Aleph | B42: Paulo Coelho | C42: 40179 | D42: Doado
A43: As Valkirias | B43: Paulo Coelho | C43: 40179 | D43: Biblioteca | E43: UEG
A44: Terapia do Trabalho | B44: Daniel Grippo | C44: 40909 | D44: Doado
A45: O Chá do Amor | B45: Jennifer Donnelly | C45: 40909 | D45: Emprestado | E45: Amanda
A46: Vampiratas: Demônios do Oceano | B46: Justin Somper | C46: 40909 | D46: Estante
A47: O que é Seicho-No-Ie | B47: Masaharu Taniguchi | C47: 40909 | D47: Doado
A48: O Diário de um Mago | B48: Paulo Coelho | C48: 40909 | D48: Biblioteca | E48: UEG
A49: Se Abrindo Para Vida | B49: Zíbia Gasparetto | C49: 40909 | D49: Emprestado | E49: Helena
A50: Entrevista Com o Vampiro | B50: Anne Rice | C50: 41275 | D50: Emprestado | E50: Larissa
A51: A princesa à espera | B51: Meg Cabot | C51: 41275 | D51: Emprestado | E51: Larissa
A52: A Princesa Apaixonada | B52: Meg Cabot | C52: 41275 | D52: Emprestado | E52: Larissa
A53: A Princesa Sob os Refletores | B53: Meg Cabot | C53: 41275 | D53: Emprestado | E53: Larissa
A54: A Princesa de Rosa-Shocking | B54: Meg Cabot | C54: 41275 | D54: Emprestado | E54: Larissa
A55: O Diário da Princesa | B55: Meg Cabot | C55: 41275 | D55: Emprestado | E55: Larissa
A56: A princesa em treinamento | B56: Meg Cabot | C56: 41275 | D56: Emprestado | E56: Larissa
A57: Princesa Mia | B57: Meg Cabot | C57: 41275 | D57: Emprestado | E57: Larissa
A58: A Princesa no Limite | B58: Meg Cabot | C58: 41275 | D58: Emprestado | E58: Larissa
A59: A princesa na balada | B59: Meg Cabot | C59: 41275 | D59: Emprestado | E59: Larissa
A60: Princesa para sempre | B60: Meg Cabot | C60: 41275 | D60: Emprestado | E60: Larissa
A61: O Nome do Vento | B61: Patrick Rothfuss | C61: 41275 | D61: Estante
A62: As Crônicas de Nárnia 1 - O Sobrinho do mago | B62: C. S. Lewis | C62: 41275 | D62: Emprestado | E62: Amanda
A63: As Crônicas de Nárnia 2 - O Leão, a Feiticeira e o Guarda-roupas | B63: C. S. Lewis | C63: 41275 | D63: Emprestado | E63: Amanda
A64: Pai Rico, Pai Pobre | B64: Robert T. Kiyosaki | C64: 41640 | D64: Doado
A65: As Crônicas de Nárnia 3 - O Cavalo e seu Menino | B65: C. S. Lewis | C65: 41640 | D65: Emprestado | E65: Amanda
A66: As Crônicas de Nárnia 4 - Príncipe Caspian | B66: C. S. Lewis | C66: 41640 | D66: Emprestado | E66: Amanda
A67: Vampiratas: Demonios del Oceano | B67: Justin Somper | C67: 41640 | D67: Estante
A68: Mujercitas | B68: Louisa May Alcott | C68: 41640 | D68: Emprestado | E68: Prof Uruguai
A69: Marley e eu | B69: John Grogan | C69: 42005 | D69: Estante
A70: Elantris | B70: Brandon Sanderson | C70: 42005 | D70: Emprestado | E70: Amanda
A71: Eu sou o mensageiro | B71: Markus Zusak | C71: 42005 | D71: Emprestado | E71: Larissa
A72: O Deus e o Imperador | B72: Sam Meekings | C72: 42005 | D72: Estante
A73: Crônicas da Galiléia: Histórias do Tempo de Jesus | B73: Ângelo Dias | C73: 42370 | D73: Estante
A74: o modo feliz de viver seicho no ie Ed. 2010 | B74: Seicho Taniguchi | C74: 42370 | D74: Doado
A75: Memórias de uma Costureira | B75: Terezinha de Jseus Almeida | C75: 42370 | D75: Estante
A76: Desventuras em Série 3 - O Lago das Sanguessugas | B76: Lemony Snicket | C76: 42736 | D76: Emprestado | E76: Plínio
A77: Pollyanna | B77: Eleanor H. Porter | C77: 42736 | D77: Estante
A78: Desventuras em Série 2 - A Sala dos Répteis | B78: Lemony Snicket | C78: 42736 | D78: Emprestado | E78: Plínio
A79: Desventuras em Série 1 -Mau Começo | B79: Lemony Snicket | C79: 42736 | D79: Emprestado | E79: Plínio
A80: Como os animais salvaram minha vida | B80: Luisa Mell | C80: 42736 | D80: Doado
A81: Desventuras em Série 5 - Inferno no Colégio Interno | B81: Lemony Snicket | C81: 43101 | D81: Emprestado | E81: Plínio
A82: O Pequeno Príncipe | B82: Antoine de Saint-Exupéry | C82: 43101 | D82: Estante
A83: Pilates sem Riscos: os Riscos mais Comuns e como Evitá-los | B83: Blandine Calais-Germain | C83: 43101 | D83: Emprestado | E83: Maris
A84: Comer, Rezar, Amar - Ediao Comemorativa | B84: Elizabeth Gilbert | C84: 43101 | D84: Emprestado | E84: Amanda
A85: Pilates para grávidas: Exercícios simples e seguros para antes e depois do parto | B85: Jan Endacott | C85: 43101 | D85: Emprestado | E85: Maris
A86: A Obra completa de Joseph Pilates: Sua Saúde | B86: Joseph Pilates | C86: 43101 | D86: Emprestado | E86: Maris
A87: A Obra completa de Joseph Pilates: Retorno à Vida Através da Contrologia | B87: Joseph Pilates | C87: 43101 | D87: Emprestado | E87: Maris
A88: Desventuras em Série 4 - Serraria Baixo-Astral | B88: Lemony Snicket | C88: 43101 | D88: Emprestado | E88: Plínio
A89: Percy Jackson e os Olimpianos - O Mar de Monstros | B89: Rick Riordan | C89: 43101 | D89: Estante
A90: Percy Jackson e os Olimpianos - A Batalha do Labirinto | B90: Rick Riordan | C90: 43101 | D90: Estante
A91: Percy Jackson e os Olimpianos - A Maldição do Titã | B91: Rick Riordan | C91: 43101 | D91: Estante
A92: Percy Jackson e os Olimpianos - O Ladrão de Raios | B92: Rick Riordan | C92: 43101 | D92: Estante
A93: Percy Jackson e os Olimpianos - O Último Olimpiano | B93: Rick Riordan | C93: 43101 | D93: Estante
A94: Método Delavier de musculação | B94: Frédéric Delavier, Michael Gundill | C94: 43466 | D94: Vendido
A95: Contentamento | B95: Dalai Lama XIV | C95: 43469 | D95: Emprestado | E95: Aluna
A96: Agua para elefantes | B96: Sara Gruen | C96: 43470 | D96: Emprestado | E96: Amanda
A97: Romeu e Julieta | B97: William Shakespeare | C97: 43478 | D97: Sumiu
A98: Jogos Vorazes | B98: Suzanne Collins | C98: 43491 | D98: Biblioteca | E98: Internet
A99: Jogos Vorazes - Em Chamas | B99: Suzanne Collins | C99: 43493 | D99: Biblioteca | E99: Internet
A100: Jogos Vorazes - A Esperança | B100: Suzanne Collins | C100: 43498 | D100: Biblioteca | E100: Internet
...

Sheet Estatisticas de Leitura
A1: Status de Leitura | B1: Quantidade
A2: Sim | B2: =COUNTIF('Livros na Estante'!F2:F1005,"Sim") -> 120 | C2: =B2/$B$7 -> 0.36923077
A3: Não | B3: =COUNTIF('Livros na Estante'!F2:F1005,"Não") -> 189 | C3: =B3/$B$7 -> 0.58153846
A4: Abandonado | B4: =COUNTIF('Livros na Estante'!F2:F1005,"Abandonado") -> 13 | C4: =B4/$B$7 -> 0.04
A5: Lendo | B5: =COUNTIF('Livros na Estante'!F2:F1005,"Lendo") -> 2 | C5: =B5/$B$7 -> 0.0061538462
A6: Relendo | B6: =COUNTIF('Livros na Estante'!F2:F1005,"Relendo") -> 1 | C6: =B6/$B$7 -> 0.0030769231
A7: Total | B7: =SUM(B2:B6) -> 325
A19: Status Lidos | B19: Quantidade | C19: %
A20: Estante | B20: =COUNTIF(Lidos!D:D,A20) -> 109 | C20: =IFERROR(B20/$B$27,0) -> 0.39636364
A21: Emprestado | B21: =COUNTIF(Lidos!D:D,A21) -> 68 | C21: =IFERROR(B21/$B$27,0) -> 0.24727273
A22: Biblioteca | B22: =COUNTIF(Lidos!D:D,A22) -> 61 | C22: =IFERROR(B22/$B$27,0) -> 0.22181818
A23: Doado | B23: =COUNTIF(Lidos!D:D,A23) -> 14 | C23: =IFERROR(B23/$B$27,0) -> 0.050909091
A24: Vendido | B24: =COUNTIF(Lidos!D:D,A24) -> 2 | C24: =IFERROR(B24/$B$27,0) -> 0.0072727273
A25: A venda | B25: =COUNTIF(Lidos!D:D,A25) -> 11 | C25: =IFERROR(B25/$B$27,0) -> 0.04
A26: Sumiu | B26: =COUNTIF(Lidos!D:D,A26) -> 10 | C26: =IFERROR(B26/$B$27,0) -> 0.036363636
A27: Total | B27: =SUM(B20:B26) -> 275

Sheet Ano compra
A3: Rótulos de Linha | B3: Contagem de Nome
A4: 2015 | B4: 3
A5: 2018 | B5: 10
A6: 2019 | B6: 2
A7: 2020 | B7: 8
A8: 2022 | B8: 10
A9: 2023 | B9: 45
A10: 2024 | B10: 7
A11: 2025 | B11: 15
A12: 2026 | B12: 76
A13: (vazio) | B13: 149
A14: Total Geral | B14: 325

Sheet Autores
A3: Rótulos de Linha | B3: Contagem de Nome
A4: Adam Silvera | B4: 1
A5: Adriana Carranca | B5: 1
A6: Agatha Christie | B6: 7
A7: Ai Yazawa | B7: 5
A8: Aldous Huxley | B8: 1
A9: Aleksandr Grin | B9: 1
A10: Alex Michaelides | B10: 1
A11: Alexandre Dumas | B11: 2
A12: Allan Kardec | B12: 1
A13: Ana Beatriz Barbosa Silva | B13: 1
A14: Ana Claudia Quintana Arantes | B14: 1
A15: Anônimo | B15: 10
... A151: Ziraldo | B151: 1
A152: (vazio)
A153: Yuval Noah Harari | B153: 2
A154: Mamede Mustafa Jarouche | B154: 5
A155: José Saramago | B155: 1
A156: Hans Christian Andersen | B156: 1
A157: Neil Gaiman | B157: 1
A158: Johanna Spyri | B158: 1
A159: Lemony Snicket | B159: 13
A160: Roger Zelazny | B160: 10
A161: Total Geral | B161: 325

Sheet Editora
A3: Rótulos de Linha | B3: Contagem de Nome
A4: Alfaguara | B4: 2
A5: Argumento | B5: 1
A6: Arqueiro | B6: 4
A7: Bertrand Brasil | B7: 2
A8: Biblioteca Azul | B8: 5
A9: Clube de Literatura Clássica | B9: 37
A10: Companhia das Letras | B10: 4
A11: Companhia das Letras | B11: 2
A12: Companhia das Letrinhas | B12: 1
A13: Darkside | B13: 8
A14: Edição do Autor | B14: 2
A15: FDT | B15: 1
... A51: Total Geral | B51: 325

Sheet Lidos Ano
A3: Rótulos de Linha | B3: Contagem de Data de Leitura
A4: <01/01/1998
A5: 1998 | B5: 2
A6: 1999 | B6: 3
A7: 2002 | B7: 3
A8: 2004 | B8: 2
A9: 2005 | B9: 3
A10: 2006 | B10: 2
A11: 2007 | B11: 5
A12: 2008 | B12: 14
A13: 2009 | B13: 3
A14: 2010 | B14: 5
A15: 2012 | B15: 6
A16: 2013 | B16: 14
... A30: Total Geral | B30: 274

Sheet Séries Incompletas
A1: Nome
A3: Fronteiras do universo
A4: Nana
A5: Mundo de tinta
A6: Jogos Vorazes
A7: Herois do Olimpo
A8: Millenium
A9: Ciclo de Avalon
A10: Rangers
A11: As cronicas de Anne
A12: Hainish Cycle
A13: Vampiratas
A14: A cronica do Matador de Rei
